<?xml version="1.0" encoding="utf-8"?>
<key name="Software">
	<key name="ConEmu">
		<key name=".Vanilla" modified="2020-04-28 17:19:40" build="191012">
			<value name="ColorTable00" type="dword" data="00362a28"/>
			<value name="ColorTable01" type="dword" data="00362a28"/>
			<value name="ColorTable02" type="dword" data="00f993bd"/>
			<value name="ColorTable03" type="dword" data="00fde98b"/>
			<value name="ColorTable04" type="dword" data="005555ff"/>
			<value name="ColorTable05" type="dword" data="00c679ff"/>
			<value name="ColorTable06" type="dword" data="007bfa50"/>
			<value name="ColorTable07" type="dword" data="00f2f8f8"/>
			<value name="ColorTable08" type="dword" data="005a4744"/>
			<value name="ColorTable09" type="dword" data="00f993bd"/>
			<value name="ColorTable10" type="dword" data="00f993bd"/>
			<value name="ColorTable11" type="dword" data="00fde98b"/>
			<value name="ColorTable12" type="dword" data="005555ff"/>
			<value name="ColorTable13" type="dword" data="00c679ff"/>
			<value name="ColorTable14" type="dword" data="00f2f8f8"/>
			<value name="ColorTable15" type="dword" data="00fde98b"/>
			<value name="ColorTable16" type="dword" data="005a4744"/>
			<value name="ColorTable17" type="dword" data="00f2f8f8"/>
			<value name="ColorTable18" type="dword" data="00f993bd"/>
			<value name="ColorTable19" type="dword" data="008cfaf1"/>
			<value name="ColorTable20" type="dword" data="00fde98b"/>
			<value name="ColorTable21" type="dword" data="00f993bd"/>
			<value name="ColorTable22" type="dword" data="00fde98b"/>
			<value name="ColorTable23" type="dword" data="00f2f8f8"/>
			<value name="ColorTable24" type="dword" data="00fde98b"/>
			<value name="ColorTable25" type="dword" data="00c679ff"/>
			<value name="ColorTable26" type="dword" data="00f993bd"/>
			<value name="ColorTable27" type="dword" data="00f993bd"/>
			<value name="ColorTable28" type="dword" data="005555ff"/>
			<value name="ColorTable29" type="dword" data="00f993bd"/>
			<value name="ColorTable30" type="dword" data="00f2f8f8"/>
			<value name="ColorTable31" type="dword" data="00f2f8f8"/>
			<value name="TextColorIdx" type="hex" data="10"/>
			<value name="BackColorIdx" type="hex" data="10"/>
			<value name="PopTextColorIdx" type="hex" data="10"/>
			<value name="PopBackColorIdx" type="hex" data="10"/>
			<key name="Colors" modified="2018-02-22 06:05:13" build="171109">
				<key name="Palette1" modified="2020-04-28 16:23:21" build="191012">
					<value name="Name" type="string" data="Dracula"/>
					<value name="TextColorIdx" type="hex" data="10"/>
					<value name="BackColorIdx" type="hex" data="10"/>
					<value name="PopTextColorIdx" type="hex" data="10"/>
					<value name="PopBackColorIdx" type="hex" data="10"/>
					<value name="ColorTable00" type="dword" data="00362a28"/>
					<value name="ColorTable01" type="dword" data="00362a28"/>
					<value name="ColorTable02" type="dword" data="00f993bd"/>
					<value name="ColorTable03" type="dword" data="00fde98b"/>
					<value name="ColorTable04" type="dword" data="005555ff"/>
					<value name="ColorTable05" type="dword" data="00c679ff"/>
					<value name="ColorTable06" type="dword" data="007bfa50"/>
					<value name="ColorTable07" type="dword" data="00f2f8f8"/>
					<value name="ColorTable08" type="dword" data="005a4744"/>
					<value name="ColorTable09" type="dword" data="00f993bd"/>
					<value name="ColorTable10" type="dword" data="00f993bd"/>
					<value name="ColorTable11" type="dword" data="00fde98b"/>
					<value name="ColorTable12" type="dword" data="005555ff"/>
					<value name="ColorTable13" type="dword" data="00c679ff"/>
					<value name="ColorTable14" type="dword" data="00f2f8f8"/>
					<value name="ColorTable15" type="dword" data="00fde98b"/>
					<value name="ColorTable16" type="dword" data="005a4744"/>
					<value name="ColorTable17" type="dword" data="00f2f8f8"/>
					<value name="ColorTable18" type="dword" data="00f993bd"/>
					<value name="ColorTable19" type="dword" data="008cfaf1"/>
					<value name="ColorTable20" type="dword" data="00fde98b"/>
					<value name="ColorTable21" type="dword" data="00f993bd"/>
					<value name="ColorTable22" type="dword" data="00fde98b"/>
					<value name="ColorTable23" type="dword" data="00f2f8f8"/>
					<value name="ColorTable24" type="dword" data="00fde98b"/>
					<value name="ColorTable25" type="dword" data="00c679ff"/>
					<value name="ColorTable26" type="dword" data="00f993bd"/>
					<value name="ColorTable27" type="dword" data="00f993bd"/>
					<value name="ColorTable28" type="dword" data="005555ff"/>
					<value name="ColorTable29" type="dword" data="00f993bd"/>
					<value name="ColorTable30" type="dword" data="00f2f8f8"/>
					<value name="ColorTable31" type="dword" data="00f2f8f8"/>
				</key>
				<value name="Count" type="long" data="1"/>
			</key>
		</key>
	</key>
</key>

